repeated_times,Accuracy,Precision,Recall,F1,AUC
10,0.55,0.4206666666666667,0.54,0.4413333333333333,0.6073333333333334
