repeated_times,Accuracy,Precision,Recall,F1,AUC
10,0.21666666666666665,0.10706552706552705,0.13484330484330484,0.11052998852998852,0.5175746753246753
