repeated_times,Accuracy,Precision,Recall,F1,AUC
10,0.15,0.06413639601139601,0.0969267538017538,0.0718505689636642,0.33805555555555555
