repeated_times,Accuracy,Precision,Recall,F1,AUC
10,0.6238410596026489,0.6055886366982189,0.740166751019274,0.5519425725621049,0.740166751019274
